方类/方名,出处,主治,功用,证治要点,药物组成,君药
1.解表剂,,,,,,
1.1辛温解表,,,,,,
 麻黄汤★,《伤寒论》,外感风寒表实证,发汗解表，宣肺平喘,恶寒发热，无汗而喘，脉浮紧,麻黄、甘草、桂枝、杏仁,麻黄
 桂枝汤★,《伤寒论》,外感风寒表虚证,解肌发表，调和营卫,发热，恶风，汗出，脉浮缓,桂枝、芍药、炙甘草、生姜、大枣,桂枝
九味羌活汤★,《此事难知》,外感风寒湿邪，兼有里热证,发汗祛湿，兼清里热,恶寒发热头痛无汗肢体酸楚疼痛口苦微渴,羌活、防风、苍术、细辛、川芎、白芷、生地、黄芩、甘草,羌活
 香苏散★,《太平惠民和剂局方》,外感风寒，气郁不舒证,疏散风寒，理气和中,恶寒发热，头重无汗，胸闷，苔白腻，脉浮,香附子、紫苏叶、陈皮、炙甘草,香附子
小青龙汤★,《伤寒论》,风寒客表，水饮内停证,解表散寒，温肺化饮,恶寒发热，无汗，喘咳，痰多而稀，舌苔薄白，脉浮,麻黄、桂枝、芍药、细辛、干姜、炙甘草、半夏、五味子,麻黄、桂枝
止嗽散★,《医学心语》,风邪犯肺证,宣肺利气，疏风止咳,咳嗽咽痒，微有恶风发热，舌苔薄白,紫苑、百部、桔梗、荆芥、白前、甘草、陈皮,紫苑、百部
1.2辛凉解表,,,,,,
银翘散★,《温病条辨》,温病初起,辛凉透表，清热解毒,发热，微恶风寒，咽痛，口渴，脉浮数,金银花、连翘、苦桔梗、薄荷、竹叶、生甘草、荆芥穗、淡豆豉、牛蒡子,金银花、连翘
桑菊饮★,《温病条辨》,风温初起,疏风清热，宣肺止咳,咳嗽，发热不甚，微渴，脉浮数,桑叶、菊花、杏仁、连翘、薄荷、桔梗、甘草、苇根,桑叶、菊花
麻黄杏仁甘草石膏汤,《伤寒论》,外感风邪，邪热壅肺证,辛凉宣泻，清肺平喘,发热，喘急，苔薄黄，脉数,麻黄、石膏、杏仁、甘草、,麻黄、石膏
柴葛解肌汤★,《伤寒六书》,"感冒风寒,郁而化热证",解肌清热,恶寒渐轻，身热增盛者，头痛无汗，目疼鼻干，心烦不眠，嗌干耳聋，眼眶痛，舌苔薄黄，脉微洪,柴胡 葛根 甘草 黄芩 羌活 白芷 芍药 桔梗 生姜 大枣,柴胡 葛根
升麻葛根汤★,《闫氏小儿方论》,麻疹初起,解肌透疹,麻疹不出，发而不透，身热恶风，头痛肢疼，咳嗽，且赤流泪，口渴，舌红苔干，脉浮数,升麻 葛根 芍药 甘草,升麻
1.3扶正解表,,,,,,
败毒散★,《小儿药证直诀》(人参败毒散),气虚外感风寒湿表证,散寒祛湿，益气解表,憎寒壮热，肢体酸痛，无汗，脉浮按之无力,羌活、独活、柴胡、前胡、川芎、枳壳、茯苓、桔梗、人参、甘草、生姜、薄荷 人参,羌活、独活
参苏饮★,《太平惠民和剂局方》,气虚外感风寒，内有痰湿证,益气解表，理气化痰,恶寒发热，无汗，头痛鼻寒，咳嗽痰白，胸膈满闷，倦怠无力，气短懒言，舌苔白，脉弱,紫苏叶、葛根、人参、半夏 前胡、茯苓、木香、枳壳、 桔梗、炙甘草、生姜、大枣,紫苏叶、葛根
麻黄附子细辛汤,《伤寒论》,素体阳虚，外感风寒证,助阳解表,少阳病始得之，反发热，脉沉者,麻黄 附子 细辛,
加减葳蕤汤★,《通俗伤寒论》,阴虚外感证,滋阴解表,头痛身热，微恶风寒，咳嗽，口渴，无汗或汗出不多，咽干，心烦，舌红，脉数,葳蕤 葱白 淡豆豉 薄荷 白薇 桔梗 大枣 甘草,葳蕤
2.泻下剂,,,,,,
2.1寒下,,,,,,
大承气汤★,《伤寒论》,"阳明腑实证,热结旁流,里热实证之热厥痉病",峻下热结,数日不大便，脘腹胀满，苔黄厚干或焦黑，燥裂，脉沉有力,大黄、枳实、厚朴、芒硝,大黄
大黄牡丹汤★,《金匮要略》,肠痈初起，湿热瘀滞证,泻热破瘀，散结消肿,少腹疼痛拒按，右足屈而不伸，舌苔黄脉，滑数,大黄、桃仁、丹皮、冬瓜子、芒硝,大黄、桃仁
大陷胸汤★,《伤寒论》,水热互结之结胸证,泻热逐水,心下痛、心下至少腹硬满痛，据按,甘遂、大黄、芒硝,
2.2温下,,,,,,
大黄附子汤,《金匮要略》,阳虚寒积里实证,温里散寒，通便止痛,便秘腹痛，胁下偏痛，发，手足不温，舌苔白腻，脉弦紧,附子、大黄、细辛,附子
温脾汤★,《备急千金要方》,阳虚寒积证,攻下冷积，温补脾阳,便秘腹痛，脐下绞结，绕脐不止，手足欠温，苔白，脉沉弦,大黄、附子、干姜、人参、甘草,大黄、附子
2.3润下,,,,,,
济川煎★,《景岳全书》,肾阳虚弱，精血不足证,温肾益精，润肠通便,大便秘结，小便清长，腰膝酸软，舌淡苔白，脉沉迟,肉苁蓉、当归、牛膝、泽泻、 升麻、枳壳,肉苁蓉
麻子仁丸(脾约丸)★,《伤寒论》,脾约证,润肠泻热，行气通便,肠胃燥热，脾津不足，大便秘结，小便频数,麻子仁、芍药、炙枳实、大黄、厚朴、杏仁,麻子仁
2.4逐水,,,,,,
十枣汤★,《伤寒论》,悬饮、水肿,攻逐水饮,咳唾，胸胁引痛，心下痞革更，干呕短气，水肿，二便不利，头痛目眩，苔滑，脉沉弦,芫花、甘遂、大戟、大枣,芫花、甘遂、大戟
2.5攻补兼施,,,,,,
黄龙汤★,《伤寒六书》,阳明腑实，气血不足证,泻热通便，补益气血,大便秘结，脘腹胀满，身热口渴，神倦少气，舌苔焦黄，脉虚,大黄 芒硝 枳实 厚朴 甘草 人参 当归 生姜 大枣 桔梗,大黄 芒硝 枳实 厚朴
3.和解剂,,,,,,
3.1和解少阳,,,,,,
小柴胡汤★,《伤寒论》,1.伤寒少阳证 2.妇人热入血室,和解少阳,往来寒热，胸胁苦满，心烦喜呕，口苦咽干，目眩，默默不欲饮食，舌苔薄白，脉弦,柴胡、黄芩、人参、半夏、炙甘草、生姜、大枣,柴胡
大柴胡汤★,《金匮要略》,少阳阳明合病,和解少阳，内泻热结,往来寒热，胸胁苦满，呕不止，郁郁微烦，心下满痛，便秘或下利，舌苔黄，脉弦数有力,柴胡、黄芩、白芍、半夏、枳实、大黄、生姜、大枣,柴胡
蒿芩清胆汤★,《重订通俗伤寒论》,少阳湿热证,清胆利湿，和胃化痰,寒热如疟，寒轻热重，口苦膈闷，胸胁胀疼，小便短少，吐酸苦水，或呕黄涎而粘，甚则干呕呃逆，舌红苔白腻，脉数弦滑,青蒿、黄芩、淡竹茹、姜半夏、赤茯苓、生枳壳、广陈皮、碧玉散(滑石、甘草、青黛),青蒿、黄芩
达原饮★,《瘟疫论》,瘟疫或疟疾，邪伏膜原证,开达膜原，辟秽化浊,憎寒壮热，一日三次或一日一次，发无定时，苔白厚如积粉,槟榔、厚朴、草果仁、知母、芍药、黄芩、甘草,
3.2调和肝脾,,,,,,
四逆散★,《伤寒论》,阳郁厥逆，肝脾气郁证,透邪解郁，疏肝理脾,手足不温，泄利，胁肋胀闷，脘腹疼痛，脉弦,柴胡、炙干草、枳实、芍药,柴胡
逍遥散★,《太平惠民和剂局方》,肝郁血虚脾弱证,疏肝解郁，养血健脾,两胁作痛，头痛目眩，口燥咽干，神疲食少，月经不调，乳房胀痛,柴胡、当归、白芍、白术、茯苓、炙甘草、烧生姜、薄荷,柴胡
痛泻要方★,《医学正传》,脾虚肝旺之腹痛泄泻,补脾柔肝，祛湿止泻,腹痛，泄泻，泻必腹痛，舌苔薄白，脉两关不调，弦而缓,炒白术、白芍、陈皮、防风,炒白术
3.3调和肠胃,,,,,,
半夏泻心汤★,《伤寒论》,寒热错杂之痞证,寒热平调，消痞散结,心下痞满，满而不痛，呕吐，肠鸣下痢，舌苔腻而微黄,半夏、黄芩、干姜、人参、黄连、大枣、炙甘草,半夏
4.清热剂,,,,,,
4.1清气分热,,,,,,
白虎汤★,《伤寒论》,气分热盛证,清热生津,身大热，汗大出，口大渴，脉洪大,石膏、知母、甘草、粳米,石膏
竹叶石膏汤★,《伤寒论》,伤寒、温病、暑病余热未清，气津两伤证,清热生津，益气和胃,身热，多汗，气逆欲呕，烦渴喜饮，口干，舌红少津，脉虚数,石膏、竹叶、半夏、麦门冬 人参、炙甘草、粳米,石膏
4.2清营涼血,,,,,,
清营汤★,《温病条辨》,热入营分证,清营解毒，透热养阴,身热夜甚，口渴或不渴，神烦少寐，谵语目喜开，或闭不一，斑疹隐隐，舌绛干，脉数,犀角（水牛角代）、生地、元参、竹叶心、麦冬、丹参、黄连、银花、连翘,犀角（水牛角代）
犀角地黄汤★,《备急千金要方》,1热入血分证 2热伤血络证,清热解毒，凉血散瘀,身热谵语，斑色紫黑，吐血，便血衄血，尿血，舌绛，脉数,犀角（水牛角代）、生地、 芍药、 丹皮,犀角（水牛角代）
4.3清热解毒,,,,,,
黃连解毒汤★,《外台秘要》,三焦火毒热盛证,泻火解毒,大热烦躁，错语不眠，口燥咽干，吐衄，发斑，痈肿疔毒，舌紅苔黃，脉數有力,黄连 栀子 黄芩 黄柏,黄连
清瘟败毒饮,《疫疹一得》,瘟疫热毒，气血两燔证,清热解毒，凉血泻火,瘟疫热毒，气血两燔证,生石膏、水犀角、川连、栀子、桔梗、黄芩、知母、赤芍、玄参、连翘、甘草、丹皮、鲜竹叶,
普济消毒饮★,《东垣试效方》,大头瘟,清热解毒，疏风散邪,恶寒发热，咽喉不利，舌燥口渴，头面红肿痛，目不能开，舌红苔黃，脉浮数有力,黄芩、黄连、陈皮、生甘草、玄参、柴胡、桔梗、连翘、板蓝根、马勃、牛蒡子、薄荷、僵蚕、升麻,黄芩、黄连
凉膈散★,《太平惠民和剂局方》,上中二焦火热证,泻火通便，清上泄下,身热口渴，胸膈烦热，面赤唇焦，口舌生疮，咽痛，吐衄，便秘溲赤,连翘、川大黄、朴硝、甘草、山栀子仁、薄荷、黄芩、竹叶、蜜,连翘
防风通圣散★,《宣明论方》,"风热壅盛,表里俱实证",疏风解表，泻热通便,憎寒壮热无汗，头目昏眩，目赤睛痛，口苦舌干，咽喉不利，涕唾稠粘，便秘溲赤，舌苔黄腻，脉数有力.疮疡肿毒，肠风痔漏，鼻赤瘾疹,麻黄、荆芥、防风、薄荷、大黄、芒硝、滑石、黑山栀、连翘、川芎、当归、白芍、白术、石膏、黄芩、桔梗、甘草,麻黄、荆芥、防风、薄荷
仙方活命饮★,《校注妇人良方》,痈疡肿毒初起,清热解毒，消肿潰堅，活血止痛,红肿焮痛，身热凛寒，苔薄白或黃，脉数有力,金银花、白芷、贝母、防风、赤芍、当归尾、甘草、皂角刺、制穿山甲、天花粉、乳香、没药、陈皮,金银花
4.4清脏腑热,,,,,,
导赤散★,《小儿药证直诀》,心经火热证,清心养阴，利水通淋,心胸烦热，面赤口渴，口舌生疮，小便淋痛，舌红脉数,木通、生地、生甘草、竹叶,木通
龙胆泻肝汤★,《医方集解》,1.肝胆实火上炎证 2.肝胆湿热下注证,泻肝胆实火，清下焦湿热,头痛目赤，舌紅，苔黃膩，脈弦數有力，胁痛 口苦，耳聋 耳肿，阴肿阴痒，小便淋浊，带下黄臭,龙胆草 柴胡 泽泻 木通 黄芩 栀子 当归 生地 生甘草,龙胆草
左金丸（回令丸）★,《丹溪心法》,肝火犯胃证,清肝泻火，降逆止呕,胁肋疼痛，嘈杂吞酸，呕吐口苦，舌红苔黄，脉弦数,黄连、吴茱萸 (6:1),黄连
泻白散★,《小儿药证直诀》,肺热喘咳证,泻肺清热，止咳平喘,气喘咳嗽，皮肤蒸热，日晡尤甚，舌红苔黃,桑白皮、地骨皮、炙甘草、粳米,桑白皮
苇茎汤★,《备急千金要方》,肺痈,清肺化痰，逐瘀排脓,身有微热，咳嗽痰多，吐腥臭脓血，胸中隐隐作痛，舌红苔黃腻，脉滑数,苇茎、薏苡仁、冬瓜、桃仁,苇茎
清胃散★,《兰室秘藏》,胃有积热证,清胃凉血,牙痛牵引头疼，面颊发热，唇舌颊腮肿痛，牙龈腐烂等，舌红苔黄，脉滑数,黄连、生地黄、当归身、牡丹皮、升麻生地黄、当归身、牡丹皮、黄连、升麻,黄连
玉女煎★,《景岳全书》,胃热阴虚证,清胃滋阴,头痛，牙痛，牙龈出血，烦热干渴，舌红苔黄而干,石膏 熟地 麦冬 知母 牛膝,石膏
葛根黄芩黄连汤★,《伤寒论》,协热下利证,解表清里,身热，下利，胸脘烦热，口干作渴，喘而汗出，舌红苔黄，脉数或促,葛根、炙甘草、黄芩、黄连,葛根
芍药汤★,《素问病机气宜保命集》,湿热痢疾,清热燥湿，调气和血,下痢脓血，赤白相兼，或白多赤少，腹痛里急后重，肛门灼热，小便短赤，舌苔黃腻,芍药、当归、黄连、槟榔、木香、甘草、大黄、黄芩、官桂,芍药
白头翁汤★,《伤寒论》,热毒痢疾,清热解毒，凉血止痢,便脓血，赤多白少，腹痛，里急后重，肛门灼热，口渴，舌红苔黄，脉弦数,白头翁、黄柏、黄连、秦皮,白头翁
4.6清虚热,,,,,,
青蒿鳖甲汤★,《温病条辨》,温病后期，阴液耗伤，邪伏阴分证,养阴透热,夜热早凉，热退无汗，舌红少苔，脉细数,青蒿、鳖甲、细生地、知母、丹皮,青蒿、鳖甲
清骨散★,《证治准绳》,肝肾阴虚，虚火内扰证,清虚热，退骨蒸,潮热骨蒸，唇红颧赤，困倦盗汗，心烦口渴，舌红少苔，脉细数,银柴胡、胡黄连、秦艽、鳖甲、地骨皮、青蒿、知母、甘草,银柴胡
当归六黄汤★,《兰室秘藏》,阴虚火旺之盗汗,滋阴泻火，固表止汗,发热盗汗，面赤心烦，口干唇燥，大便干结，小便黄赤，舌红苔黄，脉数,当归、生地黄、熟地黃、黄芩、黄连、黄柏、黄芪,当归、生地黄、熟地黃
4.5祛暑剂,,,,,,
清络饮,《温病条辨》,暑热伤肺轻证,祛暑清热,头目不清、昏眩微胀、胸闷不舒,,
香薷散,《太平惠民和剂局方》,阴暑,祛暑解表，化湿和中,恶寒发热，头重身痛，无汗，胸闷，苔白腻，脉浮,香薷 白扁豆 厚朴 酒,香薷
新加香薷饮,,暑温夹湿、复感于寒证,祛暑解表、清热化湿,发热头痛、恶寒无汗口渴面赤、胸闷不舒,,
六一散,《黄帝素问》,暑湿证,清暑利湿,身热烦渴，小便不利，泄泻,滑石、甘草,滑石
桂苓甘露饮,《黄帝素问宣明论方》,暑湿证,清暑解热，化气利湿,发热头痛，烦渴引饮，小便不利，霍乱吐下,滑石、茯苓、甘草、白术 泽泻、官桂、石膏、寒水石、猪苓,滑石
清暑益气汤,《温热经纬》,暑热气津两伤证,清暑益气，养阴生津,身热汗多，口渴心烦，小便短赤，体倦少气，精神不振，脉虚数,西洋参、西瓜翠衣、石斛、麦冬、黄连、竹叶、荷梗、知母、甘草、粳米,西洋参、西瓜翠衣
5.温里剂,,,,,,
5.1温中祛寒,,,,,,
理中丸★,《伤寒论》,脾胃虚寒证、阳虚失血证、,温中祛寒，补气健脾,脘腹疼痛喜温欲按，自利不渴畏寒肢冷，呕吐，不欲饮食，舌淡苔白，脉沉细,干姜、人参、炙甘草、白术,干姜
小建中汤★,《伤寒论》,中焦虚寒，肝脾不和证,温中补虚，和里缓急,腹痛喜温喜按，面色无华，舌淡苔白，虚烦心悸，手足烦热，咽干口燥，脉细弦,饴糖、芍药、桂枝、炙甘草、生姜、大枣,饴糖
大建中汤★,《金匮要略》,中阳衰弱，阴寒内盛证,温中补虚，降逆止痛,虚寒腹痛,蜀椒、干姜、人参、胶饴,
吴茱萸汤★,《伤寒论》,肝胃虚寒，浊阴上逆证（阳明寒呕、厥阴头痛，少阴吐利）,温中补虚，降逆止呕,食谷欲呕，畏寒喜热，或胃脘痛，吞酸嘈杂，或厥阴头痛，干呕吐涎沫，或少阴吐利，手足逆冷，烦躁欲死,吴茱萸 人参 大枣 生姜,吴茱萸
5.2回阳救逆,,,,,,
四逆汤★,《伤寒论》,心肾阳衰寒厥证,回阳救逆,四肢厥逆，恶寒倦卧，腹痛下利，舌淡苔白，脉微,生附子、干姜、炙甘草,生附子
回阳救急汤,《伤寒六书》,寒邪直中三阴，真阳衰微证,回阳固脱，益气生脉,恶寒踡卧，四肢厥冷或身寒战慄，唇指青紫，神衰欲寐，吐泻腹痛，口不渴，舌淡苔白，脉沉数甚或无脉,熟附子、干姜、肉桂、人参、白术、茯苓、陈皮、炙甘草、五味子、半夏、麝香、生姜,熟附子、干姜、肉桂
5.3温经散寒,,,,,,
当归四逆汤★,《伤寒论》,血虚寒厥证,温经散寒，养血通脉,手足厥寒，肢体疼痛，口不渴，舌淡苔白，脉沉细或细而欲绝,当归、桂枝、芍药、细辛、炙甘草、通草、大枣,当归、桂枝
黄芪桂枝五物汤★,《金匮要略》,血痹,益气温经，和血通痹,肌肤麻木，脉微涩而紧,黄芪、芍药、桂枝、生姜、大枣,
阳和汤★,《外科证治全生集》,阴疽,温阳补血，散寒通滞,漫肿无头，皮色不变，酸痛无热，口中不渴，舌淡苔白，脉沉细或迟细,熟地、鹿角胶、肉桂、麻黄、白芥子、炮姜、生甘草,熟地、鹿角胶
6.补益剂,,,,,,
6.1补气,,,,,,
四君子汤★,《太平惠民和剂局方》,脾胃气虚证,益气健脾,面色恍白，语音低微 ，气短乏力，食少便溏,人参、白术、茯苓、甘草,人参
参苓白术散★,《太平惠民和剂局方》,脾虚湿盛证,益气健脾，渗湿止泻,饮食不化，胸脘痞满，肠鸣泄泻，四肢乏力，形体消瘦，面色萎黄,人参、白术、白茯苓、莲子肉、薏苡仁、缩砂仁、桔梗、白扁豆、甘草、山药、大枣,人参、白术、白茯苓
补中益气汤★,《脾胃论》,脾胃气虚证，气虚下陷证，气虚发热证,补中益气，升阳举陷,饮食减少，体倦肢软，少气懒言 ，面色恍白，大便稀溏.脱肛，子宫脱垂，久泄久痢，崩漏，气短乏力.身热，自汗，渴喜热饮 ，气短乏力,黄芪、炙甘草、人参、当归、陈皮、升麻、柴胡、白术,黄芪
玉屏风散★,《医方类聚》,表虚自汗,益气固表止汗,汗出恶风，面色恍白,黄芪、防风、白术,黄芪
生脉散★,《内外伤辩惑论》,温热暑热耗气伤阴证.久咳肺虚，气阴两虚证,益气生津，敛阴止汗,汗多神疲，体倦乏力，气短懒言，咽干口渴.干咳少痰，短气自汗，口干舌,人参、麦冬、五味子,人参
完带汤★,《傅青主女科》,脾虚肝郁，湿浊带下,补脾疏肝，化湿止带,带下色白或淡黄，清稀如涕，肢体倦怠，舌淡苔白，脉缓或濡缓,白术、山药、人参、白芍、车前子、苍术、甘草、陈皮、黑芥穗、柴胡,白术、山药
6.2补血,,,,,,
四物汤★,《太平惠民和剂局方》,营血虚滞证,补血调血,心悸失眠，头晕目眩，面色无华，月经不调，量少或经闭不行，脐腹作痛 ，,熟地、当归、川芎、白芍,熟地
当归补血汤★,《内外伤辨惑论》,血虚阳浮发热证,补气生血,"肌热面红,烦渴欲饮，脉洪大而虚，重按无力，妇人经期，产后血虚，发热头痛 ，疮疡溃后，久不愈合",黄芪、当归,黄芪
归脾汤★,《正体类要》,心脾两虚证，脾不统血,益气补血，健脾养心,心悸怔忡，健忘失眠，面色萎黄，体倦食少，盗汗虚热,黄芪、龙眼肉、白术、茯神、酸枣仁、人参、木香、炙甘草、当归、远志,黄芪、龙眼肉
6.3气血双补,,,,,,
八珍汤★,《瑞竹堂经验方》,气血两虚证,益气补血,面色苍白或萎黄，头晕目眩，心悸怔忡，四肢倦怠，气短懒言，饮食减少，头晕目眩,人参、熟地黄、白术、白茯苓、当归、川芎、白芍药、炙甘草、生姜、大枣,人参、熟地黄
炙甘草汤(复脉汤)★,《伤寒论》,阴血阳气虚，心脉失养证。虚劳肺痿证,益气滋阴，通阳复脉,心动悸，脉结代，虚羸少气，舌光少苔，质干瘦 ，咳嗽，咳痰不多，涎唾多 ，虚烦不眠，自汗盗汗，大便干结，脉虚数，咽干舌燥,生地、炙甘草、生姜、人参、桂枝、阿胶、麦冬、麻仁、大枣,生地
6.4补阴,,,,,,
六味地黄丸★,《小儿药证直诀》,肝肾阴虚证,滋阴补肾,腰膝酸软，牙齿动摇，足膝作痛，头晕目眩，耳鸣耳聋，遗精，牙齿动摇，足膝作痛 ，头晕目眩，耳鸣耳聋，遗精,熟地 山萸肉 山药 泽泻 丹皮 茯苓,熟地
左归丸,《景岳全书》,真阴不足证,滋阴补肾，填精益髓,头晕目眩，腰膝酸软，遗精滑泄，自汗盗汗，舌干口燥,熟地 山药 枸杞 山萸肉 菟丝子 鹿角胶 龟板胶 牛膝,熟地
大补阴丸★,《丹溪心法》,阴虚火旺证,滋阴降火,骨蒸潮热，盗汗遗精，足膝疼痛 ，咳嗽咳血，心烦易怒,熟地、龟板、黄柏、知母、猪脊髓,熟地、龟板
一贯煎★,《继名医类案》,阴虚肝郁证,滋阴疏肝,胸脘胁痛，吞酸吐苦 ，口咽干燥，舌红少苔 ，疝气瘕聚,生地、北沙参、麦冬、当归、枸杞子、川楝子,生地
6.4补阳,,,,,,
肾气丸★,《金匮要略》,肾阳不足证,补肾助阳,腰痛脚软，身半以下，常有冷感，少腹拘急，小便不利 ，小便反多，入夜尤甚，阳痿早泻，痰饮，水肿，化液，水饮内停，脚气，转胞，消渴,干地黄、山药、山茱萸、泽泻、茯苓、丹皮、桂枝、附子,干地黄
右归丸,《景岳全书》,肾阳不足，命门火衰证,温补肾阳，填精益髓,气衰神疲，畏寒肢冷，腰膝软弱 ，阳痿遗精，阳衰无子，小便自遗 ，饮食减少，大便不实,附子、肉桂、鹿角胶、熟地、山药、山茱萸、枸杞、菟丝子、杜仲、当归,附子、肉桂、鹿角胶
6.6阴阳并补,,,,,,
地黄饮子★,《圣济总录》,下元虚衰，痰浊上泛之暗痱,滋肾阴，补肾阳，开窍化痰,舌强，不能言 ，足废，不能用 ，口干，不欲饮，足冷面赤,熟地黄、肉苁蓉、巴戟天、山茱萸、石斛、附子、五味子、官桂、白茯苓、麦冬、菖蒲、远志、生姜、大枣、薄荷,熟地黄、肉苁蓉、巴戟天、山茱萸
龟鹿二仙胶★,《医便》,真元虚损，精血不足证,滋阴填精，益气壮阳,全身瘦削，阳痿遗精，腰膝酸软，久不孕育 ，两目昏花,鹿角胶 龟版胶 人参 枸杞子,鹿角胶 龟版胶
七宝美髯丹,《本草纲目》,肝肾不足证,补益肝肾，乌发壮骨,须发早白，脱发，齿牙动摇，腰膝酸软，梦遗滑精，肾虚不育,赤、白何首乌 赤、白茯苓 牛膝 当归 枸杞子 菟丝子 补骨脂,赤、白何首乌
7.固涩剂,,,,,,
7.1固表止汗,,,,,,
牡蛎散★,《太平惠民和剂局方》,体虚自汗，盗汗,敛阴止汗，益气固表,身常自汗，夜卧尤甚，心悸惊惕，短气烦倦，舌淡红，脉细弱,牡蛎、黄芪、麻黄根、小麦,牡蛎
7.2敛肺止咳,,,,,,
九仙散★,《卫生宝鉴》,久咳肺虚证,敛肺止咳，益气养阴,久咳不已，咳甚则气喘，自汗，痰少而粘，脉虚数,罂粟壳、人参、款冬花、桑白皮、桔梗、五味子、阿胶 乌梅、贝母,罂粟壳
7.3涩肠固脱,,,,,,
真人养脏汤★,《卫生宝鉴》,久泻久痢，脾肾虚寒证,涩肠固脱，温补脾肾,泻痢无度，滑脱不禁，甚至脱肛坠下，脐腹疼痛，不思饮食，舌淡苔白，脉迟细,罂粟壳、人参、当归、白术、肉豆蔻、肉桂、炙甘草、白芍、木香、诃子、,罂粟壳
四神丸★,《证治准绳》,脾肾阳虚之肾泄证,温补脾肾，固肠止泻,五更泄泻不思饮食，食少不化或腹痛肢冷，神疲乏力，舌淡苔薄白，脉沉迟无力,补骨脂、肉豆蔻、五味子、吴茱萸、(大枣、生姜),补骨脂
7.4涩精止遗,,,,,,
金锁固精丸,《医方集解》,肾虚不固之遗精,涩精补肾,遗精，滑泄，神疲乏力，四肢酸软，腰痛耳鸣，舌淡苔白，脉细弱,沙苑子、芡实、莲须、龙骨、牡蛎,沙苑子
桑螵蛸散★,《本草衍义》,心肾两虚证,调补心肾，涩精止遗,小便频数，色如米泔，或遗尿，遗精，心神恍惚，健忘，舌淡苔白，脉细弱,桑螵蛸、远志、菖蒲、龙骨、人参、茯神、当归、龟甲,桑螵蛸
7.5固崩止带,,,,,,
固冲汤★,《医学衷中参西录》,脾肾亏虚，冲脉不固证,益气健脾，固冲摄血,血崩或月经过多，色淡质稀，心悸气短，腰膝酸软，舌淡，脉微弱,白术 生黄芪 龙骨 牡蛎 萸肉 杭芍 海螵蛸 茜草 棕边炭 五倍子,白术 生黄芪
易黄汤,《傅青主女科》,肾虚湿热带下,固肾解毒，清热祛湿,带下色黄，其气腥秽，舌红,炒山药 炒芡实 黄柏 车前子 白果,炒山药 炒芡实
8.安神剂,,,,,,
8.1重镇安神,,,,,,
朱砂安神丸★,《内外伤辩惑论》,心火亢盛，阴血不足证,镇热安神，清热养血,失眠多梦，怔忡惊悸，心神烦乱，舌红，脉细数,朱砂、黄连、炙甘草、生地、当归,朱砂
8.2滋养安神,,,,,,
天王补心丹★,《校注妇人良方》,阴虚血少，神志不安证,滋阴清热，养血安神,心悸失眠，神疲健忘，梦遗虚烦，手足心热，口舌生疮，舌红少苔，脉细数,生地、人参、丹参、元参、茯苓、五味子、远志、桔梗、当归、天冬、麦冬、柏子仁、酸枣仁、朱砂,生地
酸枣仁汤★,《金匮要略》,肝血不足，虚热内扰证,养血安神，清热除烦,虚烦不安，失眠，心悸，头目眩晕，咽干口燥，舌红，脉弦细,酸枣仁、甘草、知母、茯苓、川芎,酸枣仁
甘麦大枣汤,《金匮要略》,脏躁,养心安神，和中缓急,精神恍惚，睡眠不安，心中烦乱，悲伤欲哭，不能自主，甚则言行失常，呵欠频作，舌淡红，苔少，脉细微数,小麦、甘草、大枣,小麦
9.开窍剂,,,,,,
9.1涼开,,,,,,
安宫牛黄丸,《温病条辨》,温热病，邪热内陷心包证,清热解毒，开窍醒神,高热烦躁，神昏谵语，口干舌燥，痰涎壅盛，舌红或绛，脉数。小儿惊厥，中风昏迷,牛黄、麝香、郁金、犀角、黄连、黄芩、山栀、朱砂、雄黄、梅片、珍珠、金箔衣,牛黄、麝香
紫雪,《外台秘要》,温热病，邪热内闭，热盛动风证,清热开窍，熄风止痉,高热 ，神昏谵语，烦躁不安，痉厥，斑疹吐衄，口渴引饮，唇焦齿燥，便秘尿赤，舌红绛苔干黄，脉数有力或弦。小儿惊厥,犀角屑(水牛角代)、羚羊角屑、麝香、生石膏、寒水石、滑石、磁石、青木香、沉香、玄参、升麻、炙甘草、丁香、朴硝、硝石、朱砂、黄金,犀角屑(水牛角代)、羚羊角屑、麝香、生石膏、寒水石、滑石
至宝丹,《太平惠民和剂局方》,痰热内闭心包证,化浊开窍，清热解毒,身热烦燥，神昏谵语，痰盛气粗，舌红苔黄垢而腻， 脉滑数，及中风中暑，小儿惊厥,生乌犀角、麝香、朱砂、雄黄、生玳瑁屑、琥珀、龙脑、金箔、银箔、牛黄、安息香,生乌犀角、麝香
9.2温开,,,,,,
苏合香丸★,《外台秘要》,寒闭证,芳香开窍，行气止痛,突然昏倒，牙关紧闭，不省人事，苔白，脉迟，心腹卒痛，甚则昏厥，亦治中风，中气及感受时行瘴疠之气见有上述症状者,苏合香、麝香、冰片、安息香末(无灰酒熬膏)、白术、青木香、犀角、香附、朱砂、诃黎勒、檀香、沉香、丁香、荜茇、乳香,苏合香、麝香、冰片、安息香末(无灰酒熬膏)
10.理气剂,,,,,,
10.1行气,,,,,,
越鞠丸★,《丹溪心法》,六郁证,行气解郁,胸膈痞闷，脘腹胀痛，饮食不消，恶心呕吐，嗳腐吞酸,香附、苍术、川芎、神曲、栀子,香附
枳实薤白桂枝汤,《金匮要略》,胸阳不振，痰气互结之胸痹,通阳散结，祛痰下气,气结在胸，胸满而痛，心中痞气，气从胁下上逆抢心，舌苔白腻，脉沉弦或紧。,枳实 厚朴 薤白 桂枝 瓜蒌实  ,
半夏厚朴汤★,《金匮要略》,梅核气,行气散结，降逆化痰,咽中如有物阻，咯吐不出，吞咽不下，胸膈满闷，苔白润，脉弦滑弦缓,半夏、厚朴、茯苓、生姜、苏叶,半夏
金铃子散★,《袖珍方》,肝郁化火证,行气疏肝，活血止痛,心胸胁肋，诸痛，时发时止，口苦，舌红苔黄，脉弦数,金铃子、玄胡,金铃子
厚朴温中汤★,《内外伤辨惑论》,脾胃寒湿气滞证,行气除满，温中燥湿,脘腹胀满，或疼痛，不思饮食，四肢倦怠，舌苔白腻，脉沉弦,厚朴、沉香、炙甘草、茯苓、草豆蔻仁、木香、干姜、生姜,厚朴
天台乌药散★,《圣济总录》,肝经寒凝气滞之小肠疝气,行气疏肝，散寒止痛,"小肠疝气，少腹引控，睾丸而痛，偏坠肿胀，或少腹疼痛, 苔白脉弦 ",天台乌药、木香、小茴香、青皮、高良姜、槟榔、川楝子、巴豆,天台乌药
暖肝煎★,《景岳全书》,肝肾不足，寒滞肝脉证,温补肝肾，行气止痛,睾丸冷痛，或少腹疼痛，畏寒喜暖，舌淡苔白，脉沉迟,小茴香、肉桂、当归、枸杞、乌药、沉香、茯苓,小茴香、肉桂
10.2降气,,,,,,
苏子降气汤★,《太平惠民和剂局方》,上实下虚之喘咳证,降气平喘，祛痰止咳,痰涎壅盛，喘咳短气，胸膈满闷，痰多稀白，或呼多吸少，腰疼脚软，或肢体浮肿，苔白滑，脉弦滑,紫苏子、半夏、川当归、炙甘草、前胡、厚朴、肉桂、生姜、大枣,紫苏子
定喘汤★,《摄生众妙方》(麻黄白果定喘汤),风寒外束，痰热内蕴证,宣肺降气，清热化痰,哮喘咳嗽，痰多气急，痰稠色黄，微恶风寒，苔黄腻，脉滑数,麻黄、白果、苏子、甘草、款冬花、杏仁、桑白皮、黄芩、半夏,麻黄、白果
小半夏汤,《金匮要略》,痰饮呕吐,化痰散饮，和胃降逆,呕反不渴，心下有支饮者，以及诸呕吐谷不得下者,半夏 生姜,
旋覆代赭汤★,《伤寒论》,胃虚痰阻气逆证,降逆化痰，益气和胃,心下痞硬，噫气频作，呕吐，呃逆，吐涎沫，舌淡苔白滑，脉弦而虚,旋覆花、代赭石、人参、生姜、炙甘草、半夏、大枣,旋覆花
橘皮竹茹汤★,《金匮要略》,胃虚有热，气逆不降证,降逆止呃，益气清热,呃逆或干呕，舌红嫩，脉虚数,橘皮、竹茹、大枣、生姜、甘草、人参,橘皮、竹茹
丁香柿蒂汤★,《症因脉治》,胃气虚寒证,温中益气，降逆止呃,呃逆不已，胃脘痞闷，舌淡苔白，脉沉迟,丁香 柿蒂 人参 生姜,丁香 柿蒂
11.理血剂,,,,,,
11.1活血祛瘀,,,,,,
桃核承气汤★,《伤寒论》,下焦蓄血证,逐瘀泻热,少腹急结，小便自利，至夜发热，谵语烦躁，其人如狂，或血瘀经闭，痛经，脉沉实而涩,桃仁、大黄、桂枝、炙甘草、芒硝,桃仁、大黄
血府逐瘀汤★,《医林改错》,胸中血瘀证,活血祛瘀，行气止痛,胸痛，痛如针刺，而有定处，急躁易怒，内热烦闷，心悸失眠，入暮潮热，头痛，呃逆日久不止，舌紫暗或瘀斑，脉涩或弦紧,当归、川芎、赤芍、桃仁、红花、生地、牛膝、桔梗、柴胡、枳壳、甘草,当归、川芎、赤芍、桃仁、红花
补阳还五汤★,《医林改错》,中风之气虚血瘀证,补气活血通络,半身不遂，口眼歪斜，语言謇涩，口角流涎，遗尿不禁，小便频数，舌黯淡苔白，脉缓,生黄芪、当归尾、赤芍、地龙、川芎、红花、桃仁,生黄芪
复元活血汤★,《医学发明》,跌打损伤。瘀血留于胁下,活血祛瘀，疏肝通络,瘀血瘀留于胁下，痛不可忍,大黄、柴胡、天花粉、当归、红花、甘草、穿山甲、桃仁,大黄、柴胡
七厘散,《同寿录》,跌打损伤,散瘀消肿，定痛止血,跌打损伤，筋断骨折之瘀血肿痛，或刀伤出血。并治一切无名肿毒，烧伤烫伤等。,血竭、麝香、冰片、乳香、没药、红花、朱砂、儿茶,
温经汤★,《金匮要略》,冲任虚寒，瘀血阻滞证,温经散寒，养血祛瘀,漏下不止，月经不调，久不受孕，唇口干燥，入暮发热，手心烦热，月经或前或后，或一月再行，或崩中漏下，月经后期，不至甚或经停,桂枝、吴茱萸、当归、白芍、川芎、人参、阿胶、丹皮、生姜、甘草、半夏、麦冬,桂枝、吴茱萸
生化汤★,《傅青主女科》,血虚寒凝，瘀血阻滞证,养血化瘀，温经止痛,恶露不行，少腹冷痛,当归、川芎、桃仁、干姜、甘草(童便、黄酒),当归
桂枝茯苓丸,《金匮要略》,瘀阻胞宫证,活血化瘀，缓消癥块,腹痛拒按，漏下不止，血色紫黑晦暗，妊娠胎动不安,桂枝、茯苓、丹皮、桃仁、赤芍,桂枝
失笑散,《太平惠民和剂局方》,瘀血停滞,活血祛瘀，散结止痛,心胸刺痛，脘腹疼痛，产后恶露不行，月经不调，少腹急痛,五灵脂(酒研) 、蒲黄炒香,五灵脂(酒研)
鳖甲煎丸,《金匮要略》,疟母、癥瘕,行气活血，祛湿化痰，软坚消癥,胁下癖块，癥瘕集聚，腹中疼痛，肌肉消瘦，饮食减少，时有寒热，女子经闭,鳖甲( 煅下灰，清酒煮)、乌扇炮、黄芩、鼠妇、干姜、　　　　　　厚朴、瞿麦、紫葳、阿胶 　　柴胡、蜣螂、芍药、牡丹　　　 　　蟅虫、蜂窠炙、赤硝　　　　　　桃仁、葶苈、大黄、桂枝、石苇、人参、 半夏,鳖甲( 煅下灰，清酒煮)
11.2止血,,,,,,
十灰散,《十药神书》,血热妄行之上部出血证,凉血止血,吐血，咯血，嗽血，衄血,大蓟、小蓟、荷叶、茜草、侧柏叶、白茅根、山栀子、大黄、丹皮、棕榈皮,大蓟、小蓟、荷叶、茜草、侧柏叶、白茅根
咳血方★,《丹溪心法》,肝火犯肺之咳血证,清肝宁肺，凉血止血,咳嗽痰稠，带血，心烦易怒，咽干口苦，胸胁刺痛，烦赤便秘，舌红苔黄，脉弦数,青黛、山栀子、瓜蒌仁、海浮石、诃子,青黛、山栀子
小蓟饮子★,《济生方》,热结下焦之血淋、尿血,凉血止血，利水通淋,尿中带血，或尿血，小便频数，赤涩热痛，舌红脉数,生地、小蓟、滑石、木通、蒲黄、藕节、竹叶、当归、栀子、炙甘草,生地
槐花散★,《本事方》,风热湿毒，壅遏肠道，损伤血络证,清肠凉血，疏风行气,肠风脏毒，便前（后）出血，粪中带血，痔疮出血，血色鲜红或晦暗,槐花、侧柏叶、荆芥穗、枳壳,槐花
黄土汤★,《金匮要略》,脾阳不足，脾不统血证,温阳健脾，养血止血,大便下血，先便后血，或吐血，衄血，妇人崩漏，血色暗淡，四肢不温，面色萎黄，舌淡苔白，脉沉细无力,灶心黄土、甘草、生地、白术、附子、阿胶、黄芩、,灶心黄土
12.治风剂,,,,,,
12.1疏散外风,,,,,,
川芎茶调散★,《太平惠民和剂局方》,外感风邪头痛,疏风止痛,偏正头痛，巅顶作痛，恶寒发热，目眩鼻塞，舌苔薄白，脉浮,川芎、荆芥、白芷、羌活、甘草、细辛、防风、薄荷,川芎
大蓁艽汤★,《素问病机气宜保命集》,风邪初中经络证,祛风清热，养血活血,口眼歪斜，舌强不能言，手足不能动,秦艽、甘草、川芎、当归、白芍、细辛、羌活、防风、黄芩、石膏、白芷、白术、生地、熟地、白茯苓、独活,秦艽
小活络丹,《太平惠民和剂局方》,风寒湿痹,祛风除湿，化痰通络，活血止痛,肢体筋脉疼痛，麻木拘挛，关节屈伸不利，疼痛游走不定，中风手足不仁，日久不愈，腰腿沉重，腿臂间作痛,川乌、草乌、地龙、天南星、乳香、没药、陈酒,川乌、草乌
牵正散★,《杨氏家藏方》,风中头面经络,祛风化痰，通络止痉,"口眼歪斜，口目润动经隧不利,   筋肉失养.故不用而缓",白附子、僵蚕、全蝎,白附子
玉真散★,《外科正宗》,破伤风,祛风化痰，定搐止痉,牙关紧闭，口撮唇紧，身体强直，角弓反张，咬牙缩舌,白附子、天南星、防风、白芷、天麻、羌活、热酒或童便,白附子、天南星
消风散★,《外科正宗》,风疹，湿疹,疏风除湿，清热养血,皮肤疹出，色红，遍身云片，斑点，瘙痒，抓破后渗出津水，苔白或黄，脉浮数,荆芥、防风、牛蒡子、蝉蜕、知母、苦参、胡麻、苍术、石膏、甘草、木通、当归、生地、,荆芥、防风、牛蒡子、蝉蜕
12.2平熄内风,,,,,,
羚角钩藤汤★,《通俗伤寒论》 ,肝经热盛，热极动风证,凉肝熄风，增液舒筋,高热不退，烦闷燥扰，甚则神昏，手足抽搐，发为痉厥，舌绛而干，舌焦起刺，脉弦而数,羚角片、双钩藤、霜桑叶、草川贝、鲜生地、滁菊花、茯神木、生白芍、生甘草、淡竹茹,羚角片、双钩藤
镇肝熄风汤★,《医学衷中参西录》,类中风,镇肝熄风，滋阴潜阳,头目眩晕，目胀耳鸣，脑部热痛，面色如醉，心中烦热，时常噫气，肢体渐觉不利，口角渐形歪斜，或眩晕颠仆，昏不知人，或肢体不利，半身不遂，脉弦长而有力,怀牛膝、生代赭石、生龙骨、生牡蛎、生龟板、白芍、元参、天冬、川楝子、生麦芽、茵陈、甘草,怀牛膝、生代赭石
天麻钩藤饮★,《杂病证治新义》,肝阳偏亢，肝风上扰证,平肝熄风，清热活血，补益肝肾,头痛，眩晕，多梦，失眠，舌红苔黄，脉弦,天麻、钩藤(后下)、右决明(先煎)、栀子、黄芩、川牛膝、杜仲、益母草、桑寄生、夜交藤、朱茯神,天麻、钩藤(后下)
大定风珠★,《温病条辨》,阴虚动风证,滋阴熄风,神倦契瘲，脉气虚弱，舌绛少苔，时时欲脱,鸡子黄、阿胶、生龟板、干地黄、麻仁、五味子、生牡蛎、麦冬、炙甘草、鳖甲、生白芍,鸡子黄、阿胶
13.治燥剂,,,,,,
13.1轻宣外燥,,,,,,
杏苏散★,《温病条辨》,外感凉燥证,轻宣凉燥，理肺化痰,头微痛，恶寒无汗，咳嗽痰稀，鼻塞咽干，苔白，脉弦,杏仁、苏叶、半夏、茯苓、前胡、苦桔梗、枳壳、甘草、生姜、橘皮、大枣,杏仁、苏叶
桑杏汤★,《温病条辨》,外感温燥证,清宣温燥，润肺止咳,头痛身热不甚，口渴咽干，鼻燥干咳，无痰或痰少而粘，舌红苔薄白而干，脉浮数而右脉大者,桑叶、杏仁、沙参、象贝、香豉、栀皮、梨皮,桑叶、杏仁
清燥救肺汤★,《医门法律》,温燥伤肺证,清燥润肺，养阴益气,头痛身热，干咳无痰，气逆而喘，咽喉干燥，口渴鼻燥，胸膈满闷，舌乾少苔，脉虚大而数,冬桑叶、石膏、人参、甘草、胡麻仁、真阿胶、麦冬、杏仁、枇杷叶,冬桑叶
13.2滋阴润燥,,,,,,
增液汤★,《温病条辨》,阳明温病，津亏便秘证,滋阴清热，润燥通便,便秘，口渴，舌干红，脉细数或沈而无力,玄参、麦冬、细生地,玄参
麦门冬汤★,《金匮要略》,肺胃阴虚证,滋养肺胃，降逆和中,咳唾涎沫，短气喘促，咽喉干燥，舌干红少苔，脉虚数,麦门冬、半夏、人参、甘草、粳米、大枣,麦门冬
益胃汤★,《温病条辨》,胃阴损伤证,养阴益胃,不能食，口干咽燥,生地、麦冬、冰糖、玉竹、沙参,生地、麦冬
养阴清肺汤★,《重楼玉明》,白喉之阴虚燥热证,养阴清肺，解毒利咽,喉间起白如腐，不易拭去，咽喉肿痛，鼻干唇燥，咳或不咳，呼吸有声，似喘非喘，脉数无力,大生地、麦冬、生甘草、玄参、贝母、丹皮、薄荷、炒白芍,大生地
百合固金汤★,《慎斋遗书》,肺肾阴亏，虚火上炎证,滋养肺肾，止咳化痰,咳嗽气喘，咽喉燥痛，痰中带血，头晕目眩，午后潮热,百合、生地、熟地、麦冬、白芍、当归、贝母、生甘草、元参、桔梗,百合、生地、熟地
14.祛湿剂,,,,,,
14.1化湿和胃,,,,,,
平胃散★,《简要济众方》,湿滞脾胃证,燥湿运脾，行气和胃,脘腹胀满，不思引食，常多自利，呕吐恶心，嗳气吞酸，肢体沉重，怠惰嗜卧，舌苔白腻而厚，脉缓,苍术、厚朴、陈皮、甘草、生姜、大枣,苍术
藿香正气散★,《太平惠民和剂局方》,外感风寒，内伤湿滞证,解表化湿，理气和中,恶寒发热头痛，霍乱吐泻，脘腹疼痛，舌苔白腻,藿香、大腹皮、白芷、紫苏、茯苓、半夏曲、白术、陈皮、厚朴、桔梗、炙甘草,藿香
14.2清热袪湿,,,,,,
茵陈蒿汤★,《伤寒论》,湿热黄疸,清热利湿退黄,一身面目俱黄，黄色鲜明，小便短赤，腹微满，口渴，苔黄腻，脉沉数,茵陈、栀子、大黄,茵陈
八正散★,《大平惠民和剂局方》,湿热淋证,清热泻火，利水通淋,尿频尿急，溺时涩痛，淋漓不畅，癃闭不通，小腹急满，尿色浑赤，口燥舌干，苔黄腻，脉滑数,木通、滑石、瞿麦、扁蓄、车前子、栀子、炙甘草、大黄,木通、滑石、瞿麦、扁蓄、车前子
三仁汤★,《温病条辨》,湿温初起及暑温夹湿之湿重于热证,宣畅气机，清利湿热,头痛恶寒，身重疼痛，午后身热，胸闷不饥，面色淡黄，苔白不渴，,杏仁、生薏苡仁、白寇仁、飞滑石、白通草、竹叶、厚朴、、半夏,杏仁、生薏苡仁、白寇仁
甘露消毒丹★,《医效秘传》,湿温时疫，邪在气分，湿热并重证,利湿化浊，清热解毒,发热倦怠，肢酸，颐肿咽肿，口渴，胸闷腹胀，泄泻，淋浊，小便短赤，身目发黄，苔淡白或厚腻或干黄,飞滑石、绵茵陈、淡黄芩、石菖蒲、川贝母、木通、藿香、射干、连翘、薄荷、白豆蔻,飞滑石、绵茵陈、淡黄芩
连朴饮★,《霍乱论》,湿热霍乱,清热化湿，理气和中,上吐下泻，胸脘痞闷，心烦躁扰，小便短赤，舌苔黄腻，脉滑数,芦根、厚朴、黄连、石菖蒲、制半夏、豆豉、焦山栀、,芦根
当归拈痛汤,《医学启源》,湿热相搏，外受风邪证,利湿清热，疏风止痛,遍身肢节烦痛，肩背沉重，脚气肿痛，脚膝生疮，舌苔白腻微黄，脉弦而数,茵陈、羌活、白术、人参、 苦参、升麻、葛根、苍术、 防风、知母、泽泻、黄芩、 猪苓、当归身、炙甘草,茵陈、羌活
二妙散,《丹溪心法》,湿热下注证,清热燥湿,筋骨疼痛，两足痿软，足膝灼热，红肿疼痛，湿热带下，下部湿疮，小便短赤，舌苔黄腻,黄柏 苍术,黄柏
14.3利水渗湿,,,,,,
五苓散★,《伤寒论》,下焦蓄水证,利水渗湿，温阳化气,小便不利，头痛身热，口渴欲饮，甚则水入即吐成＂水逆证＂水肿，泄泻，霍乱脐下动悸，吐涎沫，而头眩，短气而咳舌苔白，脉浮,泽泻、猪苓、白术、茯苓、桂枝,泽泻
猪苓汤★,《伤寒论》,水热互结证,利水养阴清热,小便不利，发热口渴欲饮，心烦不寐，咳嗽，呕恶，下利，舌红苔白或微黄，脉细数,猪苓、茯苓、泽泻、阿胶、滑石,猪苓
防己黄芪汤★,《金匮要略》,表虚不固之风水或风湿证,益气祛风，健脾利水,汗出恶风，身重，水便不利，舌淡苔白，脉浮,防己、黄芪、甘草、白术（生姜、大枣）,防己、黄芪
五皮散★,《华氏中藏经》,脾虚湿盛，气滞水泛之皮水证,利水消肿，理气健脾,一身悉肿，肢体沉重，心腹胀满，上气喘急，小便不利，妊娠水肿，苔白腻，脉缓,茯苓皮、生姜皮、桑白皮、陈橘皮、大腹皮、　,茯苓皮
14.4温化水湿,,,,,,
苓桂术甘汤,《金匮要略》,中阳不足之痰饮病,温阳化饮，健脾利湿,胸胁支满，短气而咳，心悸目眩，舌苔白滑，脉弦滑或沉滑,茯苓、桂枝、白术、炙甘草,茯苓
真武汤★,《伤寒论》,阳虚水泛证,温阳利水,四肢沉重疼痛，肢体浮肿，小便不利，腹痛下利，心下悸，头眩，身目闰动，振振欲擗地，苔白不渴，脉沉,附子、茯苓、白芍、白术、生姜、,附子
实脾散★,《重订严氏济生方》,脾肾阳虚，水气内停之阴水,温阳健脾，行气利水,身半以下肿，甚手足不温，口中不渴，大便溏薄，胸腹胀满，舌苔白腻，脉沉弦迟,炮附子、干姜、厚朴、白术、木瓜、木香、草果仁、大腹子、白茯苓、炙甘草、生姜、大枣,炮附子、干姜
萆解分清饮★,《杨氏家藏方》,下焦虚寒之膏淋、白浊,温肾利湿，分清化浊,小便频数，白如米泔，凝如膏糊，舌淡舌白，脉沉,川萆解、益智仁、石菖蒲、乌药,川萆解
14.5祛风胜湿,,,,,,
羌活胜湿汤★,《脾胃论》,风湿在表之痹症,祛风，胜湿，止痛,风湿在表，肩背痛不可回顾，头痛身重，或腰脊疼痛，难以转侧，苔白脉浮,槀本，防风，羌活，独活，川芎，蔓荆子，炙甘草,
独活寄生汤★,《备急千金要方》,痹证日久，肝肾两虚，气血不足证,祛风湿止痹痛，益肝肾补气血,膝腰疼痛，麻木不仁，肢体屈伸不利，畏寒喜温，心悸气短，舌淡苔白，脉细弱,独活 桑寄生 秦艽 防风 细辛 当归 川芎 生地黄 牛膝 杜仲 茯苓 桂心 人参 芍药 甘草,独活
15.祛痰剂,,,,,,
15.1燥湿化痰,,,,,,
二陈汤★,《太平惠民和剂局方》,湿痰咳嗽,燥湿化痰，理气和中,痰多色白易咳，胸膈痞闷，恶心呕吐，肢体倦怠，头眩心悸，舌苔白润，脉滑,半夏、陈皮、茯苓、炙甘草（乌梅、生姜）,半夏
温胆汤★,《三因极一病证方论》,胆郁痰扰证,理气化痰，和胃利胆,胆怯易惊，虚烦不宁，失眠多梦，呕吐呃逆，癫痫,半夏、竹茹、枳实、陈皮、炙甘草、茯苓、生姜、大枣,半夏
茯苓丸★,《是斋百一选方》,痰伏中脘，流注经络证,燥湿行气，软坚化痰,两臂疼痛，手不得上举，两手疲软，四肢浮肿，舌苔白腻，脉象弦滑或沉细,茯苓、炒枳壳、半夏、风化朴硝（生姜）,
15.2清热化痰,,,,,,
清气化痰丸★,《医方考》,痰热咳嗽,清热化痰，理气止咳,痰稠色黄，咯之不爽，胸膈痞闷，气急呕恶，舌质红苔黄腻，脉滑数,胆南星、瓜蒌仁、陈皮、黄芩、杏仁、枳实、茯苓、制半夏(姜汁),胆南星
小陷胸汤★,《伤寒论》,痰热互结证,清热化痰，宽胸散结,胸脘痞闷，按之则痛，咳痰黄稠，舌苔黄腻，脉滑数,瓜蒌实、黄连、半夏,瓜蒌实
滚痰丸,《玉机微义》,实热老痰证,泻火逐痰,癫狂昏迷，惊悸怔忡，不寐，梦寐怪状，咳喘，痰稠，胸脘痞闷，噎息烦闷，绕项结核，口眼蠕动，骨节卒痛，大便秘结，舌苔黄腻，脉滑数有力,礞石、大黄、黄芩、沉香,礞石
15.3润燥化痰,,,,,,
贝母瓜蒌散★,《医学心悟》,燥痰咳嗽,润肺清热，理气化痰,咯痰不爽，涩而难出，咽喉干燥，苔白而干,贝母、瓜蒌、天花粉、茯苓、橘红、桔梗,贝母
15.4温化寒痰,,,,,,
苓甘五味姜辛汤,《金匮要略》,痰饮咳嗽,温肺化饮,咳痰量多，清稀色白，胸膈不快，舌苔白滑，脉弦滑,,
三子养亲汤,《皆效方》,痰壅气逆食滞证,温肺化痰，降气消食,咳嗽喘逆，痰多胸痞，食少难消，舌苔白腻，脉滑等。,白芥子 苏子 莱菔子  ,
15.5化痰熄风,,,,,,
半夏白术天麻汤★,《医学心悟》,风痰上扰证,化痰熄风，健脾祛湿,眩晕头痛，胸闷呕恶，舌苔白腻，脉弦滑,半夏、天麻、茯苓、橘红、白术、甘草（生姜、大枣）,半夏、天麻
定痫丸★,《医学心悟》,风痰蕴热之痫病,涤痰熄风，开窍安神,眩仆倒地，不省高下，甚则抽搐，口歪目斜，叫喊作声，癫狂,竹沥、胆南星、明天麻、川贝母、半夏、茯苓、茯神石菖蒲、全蝎、僵蚕、真琥珀、橘红、远志、丹参、麦冬、辰砂、姜汁、甘草、灯心制,竹沥、胆南星
16.消食剂,,,,,,
16.1消食化滞,,,,,,
保和丸★,《丹溪心法》,食滞胃脘证,消食和胃,脘腹痞满，胀痛嗳腐吞酸，大便泄泻，恶食呕吐，舌苔厚腻，脉滑,山楂、神曲、半夏、茯苓、陈皮、连翘、萝卜子,山楂
枳实导滞丸★,《内外伤辨惑论》,湿热食积,消食化积，清热祛湿,脘腹胀痛，大便秘结，下痢泄泻，小便短赤，舌苔黄腻，脉沉有力,大黄、枳实、神曲、茯苓、黄芩、黄连、白术、泽泻,大黄
木香槟榔丸★,《儒门事亲》,积滞内停，湿蕴生热证,行气导滞，攻积泄热,脘腹胀满，大便秘结，食积内停，赤白痢疾，里急后重，舌苔黄腻，脉沉实,木香 槟榔 青皮 陈皮 广茂 黄连 黄柏 大黄 香附子 牵牛,木香 槟榔
16.1健脾消食,,,,,,
健脾丸★,《证治准绳》,脾虚食积证,健脾和胃，消食止泻,食少难消，大便溏薄，脘腹痞闷，苔腻微黄，脉象虚弱,人参、茯苓、白术、甘草、木香、黄连、神曲、陈皮、砂仁、麦芽、山楂、山药、肉豆蔻,人参、茯苓、白术、甘草
"枳实消痞丸,失笑丸★",《兰室秘藏》,脾虚气滞，寒热互结证,消痞除满，健脾和胃,心下痞满，不思饮食，倦怠乏力，大便失调,枳实、干生姜、炙甘草、麦芽曲、茯苓、白术、半夏曲、人参、厚朴、黄连,枳实
葛花解醒汤,《内外伤辩惑论》,酒积伤脾证,分消酒湿，理气健脾,眩晕呕吐、胸膈痞闷、食少体倦，小便不利、大便泄泻,,
17.驱虫剂,,,,,,
乌梅丸★,《伤寒论》,脏寒蛔阙证,温脏安蛔,心烦呕吐，腹痛使作，常自吐蛔，手足阙冷，时发时止，久泻久痢,乌梅、细辛、干姜、黄连、当归、附子、蜀椒、桂枝、人参、黄柏(苦酒),乌梅
18涌吐剂,,,,,,
瓜蒂散,《伤寒论》,痰涎宿食，壅滞胸脘证,涌吐痰涎宿食,胸中痞硬，懊侬不安，欲吐不出，气上冲喉，而不得息，寸脉微浮,瓜蒂 赤小豆（香豉）,瓜蒂
